{"myTime":"2019-01-21 09:29:27","myData":{"mySeriesData":[{"name":"1-coreness","value":2365},{"name":"2-coreness","value":2014},{"name":"3-coreness","value":661},{"name":"4-coreness","value":793},{"name":"5-coreness","value":318},{"name":"6-coreness","value":150},{"name":"7-coreness","value":55},{"name":"8-coreness","value":33},{"name":"9-coreness","value":16},{"name":"10-coreness","value":17},{"name":"11-coreness","value":21},{"name":"12-coreness","value":12},{"name":"13-coreness","value":19}],"mySelectedData":{"8-coreness":true,"5-coreness":true,"10-coreness":true,"2-coreness":true,"13-coreness":true,"4-coreness":true,"3-coreness":true,"11-coreness":true,"7-coreness":true,"6-coreness":true,"1-coreness":true,"12-coreness":true,"9-coreness":true},"myLegendData":["1-coreness","2-coreness","3-coreness","4-coreness","5-coreness","6-coreness","7-coreness","8-coreness","9-coreness","10-coreness","11-coreness","12-coreness","13-coreness"]}}