{"myTime":"2019-01-21 09:29:02","myData":{"mySeriesData":[{"name":"2-coreness","value":1332},{"name":"4-coreness","value":1874},{"name":"6-coreness","value":1823},{"name":"8-coreness","value":1444},{"name":"10-coreness","value":1151},{"name":"12-coreness","value":942},{"name":"14-coreness","value":779},{"name":"16-coreness","value":671},{"name":"18-coreness","value":578},{"name":"20-coreness","value":512},{"name":"22-coreness","value":466},{"name":"24-coreness","value":489},{"name":"26-coreness","value":405},{"name":"28-coreness","value":316},{"name":"30-coreness","value":326},{"name":"32-coreness","value":242},{"name":"34-coreness","value":373},{"name":"36-coreness","value":314},{"name":"38-coreness","value":296},{"name":"40-coreness","value":271},{"name":"42-coreness","value":259},{"name":"44-coreness","value":229},{"name":"46-coreness","value":259},{"name":"48-coreness","value":212},{"name":"50-coreness","value":150},{"name":"52-coreness","value":153},{"name":"54-coreness","value":244},{"name":"56-coreness","value":209},{"name":"58-coreness","value":212},{"name":"60-coreness","value":120},{"name":"62-coreness","value":183},{"name":"64-coreness","value":199},{"name":"66-coreness","value":102},{"name":"68-coreness","value":50},{"name":"70-coreness","value":110},{"name":"72-coreness","value":120},{"name":"74-coreness","value":134},{"name":"76-coreness","value":209},{"name":"78-coreness","value":109},{"name":"80-coreness","value":133},{"name":"82-coreness","value":101},{"name":"84-coreness","value":111},{"name":"86-coreness","value":3},{"name":"88-coreness","value":82},{"name":"90-coreness","value":43},{"name":"92-coreness","value":115},{"name":"94-coreness","value":1},{"name":"96-coreness","value":49},{"name":"102-coreness","value":51},{"name":"104-coreness","value":51},{"name":"106-coreness","value":52},{"name":"110-coreness","value":56},{"name":"112-coreness","value":57}],"mySelectedData":{"93-coreness":true,"29-coreness":true,"99-coreness":true,"23-coreness":true,"38-coreness":true,"32-coreness":true,"84-coreness":true,"3-coreness":true,"14-coreness":true,"60-coreness":true,"75-coreness":true,"66-coreness":true,"106-coreness":true,"57-coreness":true,"9-coreness":true,"8-coreness":true,"19-coreness":true,"48-coreness":true,"2-coreness":true,"51-coreness":true,"33-coreness":true,"37-coreness":true,"74-coreness":true,"85-coreness":true,"100-coreness":true,"50-coreness":true,"56-coreness":true,"105-coreness":true,"67-coreness":true,"104-coreness":true,"46-coreness":true,"18-coreness":true,"52-coreness":true,"7-coreness":true,"107-coreness":true,"27-coreness":true,"98-coreness":true,"43-coreness":true,"110-coreness":true,"95-coreness":true,"22-coreness":true,"89-coreness":true,"16-coreness":true,"5-coreness":true,"71-coreness":true,"13-coreness":true,"102-coreness":true,"65-coreness":true,"30-coreness":true,"24-coreness":true,"82-coreness":true,"41-coreness":true,"35-coreness":true,"76-coreness":true,"96-coreness":true,"90-coreness":true,"112-coreness":true,"11-coreness":true,"87-coreness":true,"20-coreness":true,"78-coreness":true,"59-coreness":true,"103-coreness":true,"69-coreness":true,"6-coreness":true,"54-coreness":true,"81-coreness":true,"63-coreness":true,"72-coreness":true,"109-coreness":true,"45-coreness":true,"10-coreness":true,"111-coreness":true,"68-coreness":true,"97-coreness":true,"80-coreness":true,"21-coreness":true,"79-coreness":true,"49-coreness":true,"62-coreness":true,"44-coreness":true,"73-coreness":true,"26-coreness":true,"91-coreness":true,"58-coreness":true,"64-coreness":true,"70-coreness":true,"4-coreness":true,"15-coreness":true,"55-coreness":true,"61-coreness":true,"40-coreness":true,"92-coreness":true,"34-coreness":true,"39-coreness":true,"25-coreness":true,"86-coreness":true,"101-coreness":true,"31-coreness":true,"42-coreness":true,"77-coreness":true,"108-coreness":true,"36-coreness":true,"28-coreness":true,"83-coreness":true,"53-coreness":true,"88-coreness":true,"17-coreness":true,"47-coreness":true,"94-coreness":true,"12-coreness":true},"myLegendData":["2-coreness","3-coreness","4-coreness","5-coreness","6-coreness","7-coreness","8-coreness","9-coreness","10-coreness","11-coreness","12-coreness","13-coreness","14-coreness","15-coreness","16-coreness","17-coreness","18-coreness","19-coreness","20-coreness","21-coreness","22-coreness","23-coreness","24-coreness","25-coreness","26-coreness","27-coreness","28-coreness","29-coreness","30-coreness","31-coreness","32-coreness","33-coreness","34-coreness","35-coreness","36-coreness","37-coreness","38-coreness","39-coreness","40-coreness","41-coreness","42-coreness","43-coreness","44-coreness","45-coreness","46-coreness","47-coreness","48-coreness","49-coreness","50-coreness","51-coreness","52-coreness","53-coreness","54-coreness","55-coreness","56-coreness","57-coreness","58-coreness","59-coreness","60-coreness","61-coreness","62-coreness","63-coreness","64-coreness","65-coreness","66-coreness","67-coreness","68-coreness","69-coreness","70-coreness","71-coreness","72-coreness","73-coreness","74-coreness","75-coreness","76-coreness","77-coreness","78-coreness","79-coreness","80-coreness","81-coreness","82-coreness","83-coreness","84-coreness","85-coreness","86-coreness","87-coreness","88-coreness","89-coreness","90-coreness","91-coreness","92-coreness","93-coreness","94-coreness","95-coreness","96-coreness","97-coreness","98-coreness","99-coreness","100-coreness","101-coreness","102-coreness","103-coreness","104-coreness","105-coreness","106-coreness","107-coreness","108-coreness","109-coreness","110-coreness","111-coreness","112-coreness"]}}