{"myTime":"2019-01-21 09:34:29","myData":{"mySeriesData":[{"name":"1-coreness","value":664726},{"name":"2-coreness","value":201443},{"name":"3-coreness","value":88297},{"name":"4-coreness","value":47545},{"name":"5-coreness","value":28443},{"name":"6-coreness","value":19224},{"name":"7-coreness","value":13968},{"name":"8-coreness","value":10335},{"name":"9-coreness","value":8235},{"name":"10-coreness","value":6395},{"name":"11-coreness","value":5208},{"name":"12-coreness","value":4354},{"name":"13-coreness","value":3936},{"name":"14-coreness","value":3123},{"name":"15-coreness","value":2757},{"name":"16-coreness","value":2382},{"name":"17-coreness","value":2131},{"name":"18-coreness","value":1795},{"name":"19-coreness","value":1703},{"name":"20-coreness","value":1419},{"name":"21-coreness","value":1373},{"name":"22-coreness","value":1253},{"name":"23-coreness","value":1065},{"name":"24-coreness","value":944},{"name":"25-coreness","value":902},{"name":"26-coreness","value":814},{"name":"27-coreness","value":827},{"name":"28-coreness","value":841},{"name":"29-coreness","value":765},{"name":"30-coreness","value":569},{"name":"31-coreness","value":496},{"name":"32-coreness","value":586},{"name":"33-coreness","value":544},{"name":"34-coreness","value":449},{"name":"35-coreness","value":620},{"name":"36-coreness","value":511},{"name":"37-coreness","value":682},{"name":"38-coreness","value":295},{"name":"39-coreness","value":220},{"name":"40-coreness","value":287},{"name":"41-coreness","value":252},{"name":"42-coreness","value":256},{"name":"43-coreness","value":259},{"name":"44-coreness","value":208},{"name":"45-coreness","value":183},{"name":"46-coreness","value":248},{"name":"47-coreness","value":215},{"name":"48-coreness","value":283},{"name":"49-coreness","value":158},{"name":"50-coreness","value":203},{"name":"51-coreness","value":158},{"name":"52-coreness","value":257},{"name":"53-coreness","value":298},{"name":"54-coreness","value":212},{"name":"55-coreness","value":188},{"name":"56-coreness","value":50}],"mySelectedData":{"29-coreness":true,"23-coreness":true,"38-coreness":true,"32-coreness":true,"3-coreness":true,"11-coreness":true,"14-coreness":true,"20-coreness":true,"6-coreness":true,"54-coreness":true,"9-coreness":true,"8-coreness":true,"19-coreness":true,"48-coreness":true,"45-coreness":true,"10-coreness":true,"2-coreness":true,"51-coreness":true,"33-coreness":true,"37-coreness":true,"21-coreness":true,"50-coreness":true,"56-coreness":true,"49-coreness":true,"44-coreness":true,"26-coreness":true,"4-coreness":true,"15-coreness":true,"55-coreness":true,"46-coreness":true,"18-coreness":true,"52-coreness":true,"7-coreness":true,"27-coreness":true,"40-coreness":true,"43-coreness":true,"34-coreness":true,"39-coreness":true,"25-coreness":true,"1-coreness":true,"31-coreness":true,"22-coreness":true,"16-coreness":true,"5-coreness":true,"42-coreness":true,"13-coreness":true,"36-coreness":true,"30-coreness":true,"28-coreness":true,"53-coreness":true,"24-coreness":true,"17-coreness":true,"47-coreness":true,"12-coreness":true,"41-coreness":true,"35-coreness":true},"myLegendData":["1-coreness","2-coreness","3-coreness","4-coreness","5-coreness","6-coreness","7-coreness","8-coreness","9-coreness","10-coreness","11-coreness","12-coreness","13-coreness","14-coreness","15-coreness","16-coreness","17-coreness","18-coreness","19-coreness","20-coreness","21-coreness","22-coreness","23-coreness","24-coreness","25-coreness","26-coreness","27-coreness","28-coreness","29-coreness","30-coreness","31-coreness","32-coreness","33-coreness","34-coreness","35-coreness","36-coreness","37-coreness","38-coreness","39-coreness","40-coreness","41-coreness","42-coreness","43-coreness","44-coreness","45-coreness","46-coreness","47-coreness","48-coreness","49-coreness","50-coreness","51-coreness","52-coreness","53-coreness","54-coreness","55-coreness","56-coreness"]}}