{"myTime":"2019-01-21 09:33:14","myData":{"mySeriesData":[{"name":"1-coreness","value":818745},{"name":"2-coreness","value":472810},{"name":"3-coreness","value":334577},{"name":"4-coreness","value":261559},{"name":"5-coreness","value":214592},{"name":"6-coreness","value":182442},{"name":"7-coreness","value":159484},{"name":"8-coreness","value":141088},{"name":"9-coreness","value":129452},{"name":"10-coreness","value":116678},{"name":"11-coreness","value":106590},{"name":"12-coreness","value":97366},{"name":"13-coreness","value":89109},{"name":"14-coreness","value":82902},{"name":"15-coreness","value":76633},{"name":"16-coreness","value":69857},{"name":"17-coreness","value":63254},{"name":"18-coreness","value":58444},{"name":"19-coreness","value":52429},{"name":"20-coreness","value":47611},{"name":"21-coreness","value":42729},{"name":"22-coreness","value":37854},{"name":"23-coreness","value":35459},{"name":"24-coreness","value":29565},{"name":"25-coreness","value":28517},{"name":"26-coreness","value":24209},{"name":"27-coreness","value":19719},{"name":"28-coreness","value":16500},{"name":"29-coreness","value":13984},{"name":"30-coreness","value":12474},{"name":"31-coreness","value":11871},{"name":"32-coreness","value":9789},{"name":"33-coreness","value":9361},{"name":"34-coreness","value":7568},{"name":"35-coreness","value":7332},{"name":"36-coreness","value":5949},{"name":"37-coreness","value":6228},{"name":"38-coreness","value":5637},{"name":"39-coreness","value":4883},{"name":"40-coreness","value":5410},{"name":"41-coreness","value":4248},{"name":"42-coreness","value":4771},{"name":"43-coreness","value":3874},{"name":"44-coreness","value":3999},{"name":"45-coreness","value":2731},{"name":"46-coreness","value":4336},{"name":"47-coreness","value":3133},{"name":"48-coreness","value":2661},{"name":"49-coreness","value":2385},{"name":"50-coreness","value":2459},{"name":"51-coreness","value":1899},{"name":"52-coreness","value":1752},{"name":"53-coreness","value":1405},{"name":"54-coreness","value":1602},{"name":"55-coreness","value":1302},{"name":"56-coreness","value":1614},{"name":"57-coreness","value":2150},{"name":"58-coreness","value":1368},{"name":"59-coreness","value":1320},{"name":"60-coreness","value":1077},{"name":"61-coreness","value":985},{"name":"62-coreness","value":1060},{"name":"63-coreness","value":1061},{"name":"64-coreness","value":1862},{"name":"65-coreness","value":993},{"name":"66-coreness","value":1173},{"name":"67-coreness","value":1212},{"name":"68-coreness","value":1426},{"name":"69-coreness","value":828},{"name":"70-coreness","value":746},{"name":"71-coreness","value":708},{"name":"72-coreness","value":655},{"name":"73-coreness","value":512},{"name":"74-coreness","value":619},{"name":"75-coreness","value":682},{"name":"76-coreness","value":542},{"name":"77-coreness","value":704},{"name":"78-coreness","value":525},{"name":"79-coreness","value":422},{"name":"80-coreness","value":598},{"name":"81-coreness","value":662},{"name":"82-coreness","value":539},{"name":"83-coreness","value":1100},{"name":"84-coreness","value":397},{"name":"85-coreness","value":412},{"name":"86-coreness","value":295},{"name":"87-coreness","value":776},{"name":"88-coreness","value":455},{"name":"89-coreness","value":503},{"name":"90-coreness","value":494},{"name":"91-coreness","value":522},{"name":"92-coreness","value":407},{"name":"93-coreness","value":340},{"name":"94-coreness","value":892},{"name":"95-coreness","value":560},{"name":"96-coreness","value":562},{"name":"97-coreness","value":489},{"name":"98-coreness","value":338},{"name":"99-coreness","value":297},{"name":"100-coreness","value":391},{"name":"101-coreness","value":520},{"name":"102-coreness","value":299},{"name":"103-coreness","value":1557},{"name":"104-coreness","value":22},{"name":"105-coreness","value":169},{"name":"106-coreness","value":125},{"name":"107-coreness","value":15},{"name":"108-coreness","value":10},{"name":"109-coreness","value":30},{"name":"110-coreness","value":46},{"name":"111-coreness","value":144},{"name":"112-coreness","value":15},{"name":"113-coreness","value":10},{"name":"114-coreness","value":50},{"name":"115-coreness","value":290},{"name":"116-coreness","value":16},{"name":"117-coreness","value":13},{"name":"118-coreness","value":12},{"name":"119-coreness","value":8},{"name":"120-coreness","value":24},{"name":"121-coreness","value":9},{"name":"122-coreness","value":7},{"name":"123-coreness","value":155},{"name":"124-coreness","value":10},{"name":"125-coreness","value":176},{"name":"126-coreness","value":154},{"name":"127-coreness","value":14},{"name":"128-coreness","value":58},{"name":"129-coreness","value":12},{"name":"130-coreness","value":15},{"name":"131-coreness","value":232},{"name":"132-coreness","value":5},{"name":"133-coreness","value":4},{"name":"134-coreness","value":11},{"name":"135-coreness","value":17},{"name":"136-coreness","value":25},{"name":"137-coreness","value":12},{"name":"138-coreness","value":18},{"name":"139-coreness","value":15},{"name":"140-coreness","value":17},{"name":"141-coreness","value":5},{"name":"142-coreness","value":11},{"name":"143-coreness","value":12},{"name":"144-coreness","value":157},{"name":"145-coreness","value":48},{"name":"146-coreness","value":169},{"name":"147-coreness","value":215},{"name":"148-coreness","value":24},{"name":"149-coreness","value":18},{"name":"150-coreness","value":10},{"name":"151-coreness","value":20},{"name":"152-coreness","value":11},{"name":"153-coreness","value":46},{"name":"154-coreness","value":48},{"name":"155-coreness","value":188},{"name":"156-coreness","value":4},{"name":"157-coreness","value":9},{"name":"158-coreness","value":8},{"name":"159-coreness","value":25},{"name":"160-coreness","value":44},{"name":"161-coreness","value":9},{"name":"162-coreness","value":9},{"name":"163-coreness","value":219},{"name":"164-coreness","value":2},{"name":"165-coreness","value":5},{"name":"166-coreness","value":6},{"name":"167-coreness","value":22},{"name":"168-coreness","value":2},{"name":"169-coreness","value":11},{"name":"170-coreness","value":195},{"name":"171-coreness","value":4},{"name":"172-coreness","value":15},{"name":"173-coreness","value":7},{"name":"174-coreness","value":7},{"name":"175-coreness","value":8},{"name":"176-coreness","value":12},{"name":"177-coreness","value":9},{"name":"178-coreness","value":16},{"name":"179-coreness","value":373},{"name":"180-coreness","value":193},{"name":"181-coreness","value":45},{"name":"182-coreness","value":210},{"name":"183-coreness","value":2},{"name":"184-coreness","value":13},{"name":"185-coreness","value":7},{"name":"187-coreness","value":113},{"name":"189-coreness","value":4},{"name":"190-coreness","value":2},{"name":"191-coreness","value":2},{"name":"192-coreness","value":2},{"name":"193-coreness","value":4},{"name":"194-coreness","value":1},{"name":"195-coreness","value":1},{"name":"196-coreness","value":1},{"name":"197-coreness","value":3},{"name":"198-coreness","value":9},{"name":"199-coreness","value":8},{"name":"200-coreness","value":5},{"name":"201-coreness","value":3},{"name":"202-coreness","value":2},{"name":"203-coreness","value":11},{"name":"204-coreness","value":4},{"name":"205-coreness","value":2},{"name":"206-coreness","value":4},{"name":"207-coreness","value":4},{"name":"208-coreness","value":2},{"name":"209-coreness","value":49},{"name":"210-coreness","value":8},{"name":"211-coreness","value":9},{"name":"212-coreness","value":9},{"name":"213-coreness","value":6},{"name":"214-coreness","value":8},{"name":"215-coreness","value":11},{"name":"216-coreness","value":8},{"name":"217-coreness","value":7},{"name":"218-coreness","value":8},{"name":"219-coreness","value":42},{"name":"220-coreness","value":4},{"name":"221-coreness","value":9},{"name":"222-coreness","value":12},{"name":"223-coreness","value":10},{"name":"224-coreness","value":7},{"name":"225-coreness","value":3},{"name":"226-coreness","value":8},{"name":"227-coreness","value":8},{"name":"228-coreness","value":24},{"name":"229-coreness","value":209},{"name":"230-coreness","value":1},{"name":"231-coreness","value":8},{"name":"232-coreness","value":2},{"name":"233-coreness","value":4},{"name":"234-coreness","value":6},{"name":"235-coreness","value":4},{"name":"236-coreness","value":4},{"name":"237-coreness","value":3},{"name":"238-coreness","value":3},{"name":"239-coreness","value":1},{"name":"240-coreness","value":11},{"name":"241-coreness","value":4},{"name":"242-coreness","value":43},{"name":"243-coreness","value":6},{"name":"244-coreness","value":5},{"name":"245-coreness","value":275},{"name":"246-coreness","value":3},{"name":"247-coreness","value":14},{"name":"248-coreness","value":6},{"name":"250-coreness","value":47},{"name":"251-coreness","value":356},{"name":"252-coreness","value":7},{"name":"253-coreness","value":4},{"name":"254-coreness","value":4},{"name":"255-coreness","value":6},{"name":"256-coreness","value":1},{"name":"258-coreness","value":1},{"name":"260-coreness","value":4},{"name":"261-coreness","value":14},{"name":"262-coreness","value":10},{"name":"263-coreness","value":4},{"name":"264-coreness","value":3},{"name":"265-coreness","value":1},{"name":"266-coreness","value":9},{"name":"267-coreness","value":10},{"name":"268-coreness","value":7},{"name":"269-coreness","value":6},{"name":"270-coreness","value":4},{"name":"271-coreness","value":2},{"name":"272-coreness","value":8},{"name":"273-coreness","value":8},{"name":"275-coreness","value":9},{"name":"276-coreness","value":344},{"name":"277-coreness","value":1},{"name":"279-coreness","value":2},{"name":"282-coreness","value":3},{"name":"283-coreness","value":1},{"name":"284-coreness","value":1},{"name":"290-coreness","value":7},{"name":"291-coreness","value":15},{"name":"293-coreness","value":1},{"name":"294-coreness","value":15},{"name":"295-coreness","value":2},{"name":"296-coreness","value":306},{"name":"320-coreness","value":1},{"name":"323-coreness","value":2},{"name":"351-coreness","value":2},{"name":"354-coreness","value":2},{"name":"356-coreness","value":2},{"name":"360-coreness","value":377}],"mySelectedData":{"93-coreness":true,"124-coreness":true,"222-coreness":true,"185-coreness":true,"29-coreness":true,"283-coreness":true,"219-coreness":true,"32-coreness":true,"317-coreness":true,"139-coreness":true,"237-coreness":true,"3-coreness":true,"14-coreness":true,"335-coreness":true,"265-coreness":true,"142-coreness":true,"240-coreness":true,"60-coreness":true,"75-coreness":true,"204-coreness":true,"106-coreness":true,"302-coreness":true,"57-coreness":true,"298-coreness":true,"320-coreness":true,"8-coreness":true,"19-coreness":true,"330-coreness":true,"175-coreness":true,"247-coreness":true,"134-coreness":true,"129-coreness":true,"157-coreness":true,"353-coreness":true,"293-coreness":true,"37-coreness":true,"307-coreness":true,"85-coreness":true,"193-coreness":true,"50-coreness":true,"116-coreness":true,"312-coreness":true,"230-coreness":true,"288-coreness":true,"229-coreness":true,"152-coreness":true,"170-coreness":true,"212-coreness":true,"67-coreness":true,"159-coreness":true,"245-coreness":true,"343-coreness":true,"358-coreness":true,"162-coreness":true,"260-coreness":true,"104-coreness":true,"202-coreness":true,"340-coreness":true,"52-coreness":true,"275-coreness":true,"278-coreness":true,"27-coreness":true,"98-coreness":true,"337-coreness":true,"281-coreness":true,"95-coreness":true,"239-coreness":true,"22-coreness":true,"165-coreness":true,"16-coreness":true,"209-coreness":true,"5-coreness":true,"267-coreness":true,"273-coreness":true,"160-coreness":true,"232-coreness":true,"304-coreness":true,"65-coreness":true,"345-coreness":true,"30-coreness":true,"126-coreness":true,"154-coreness":true,"195-coreness":true,"132-coreness":true,"24-coreness":true,"167-coreness":true,"351-coreness":true,"315-coreness":true,"190-coreness":true,"310-coreness":true,"137-coreness":true,"309-coreness":true,"280-coreness":true,"188-coreness":true,"286-coreness":true,"182-coreness":true,"121-coreness":true,"90-coreness":true,"277-coreness":true,"112-coreness":true,"179-coreness":true,"271-coreness":true,"210-coreness":true,"329-coreness":true,"201-coreness":true,"78-coreness":true,"191-coreness":true,"243-coreness":true,"59-coreness":true,"103-coreness":true,"357-coreness":true,"69-coreness":true,"341-coreness":true,"268-coreness":true,"332-coreness":true,"81-coreness":true,"197-coreness":true,"63-coreness":true,"72-coreness":true,"109-coreness":true,"140-coreness":true,"97-coreness":true,"181-coreness":true,"313-coreness":true,"287-coreness":true,"252-coreness":true,"198-coreness":true,"122-coreness":true,"224-coreness":true,"270-coreness":true,"259-coreness":true,"163-coreness":true,"348-coreness":true,"21-coreness":true,"217-coreness":true,"306-coreness":true,"79-coreness":true,"62-coreness":true,"347-coreness":true,"360-coreness":true,"258-coreness":true,"44-coreness":true,"128-coreness":true,"169-coreness":true,"91-coreness":true,"153-coreness":true,"144-coreness":true,"4-coreness":true,"15-coreness":true,"242-coreness":true,"303-coreness":true,"150-coreness":true,"205-coreness":true,"233-coreness":true,"331-coreness":true,"40-coreness":true,"211-coreness":true,"227-coreness":true,"325-coreness":true,"236-coreness":true,"300-coreness":true,"138-coreness":true,"34-coreness":true,"319-coreness":true,"147-coreness":true,"25-coreness":true,"1-coreness":true,"31-coreness":true,"172-coreness":true,"296-coreness":true,"166-coreness":true,"316-coreness":true,"350-coreness":true,"28-coreness":true,"255-coreness":true,"131-coreness":true,"220-coreness":true,"344-coreness":true,"261-coreness":true,"53-coreness":true,"214-coreness":true,"88-coreness":true,"119-coreness":true,"322-coreness":true,"338-coreness":true,"125-coreness":true,"47-coreness":true,"208-coreness":true,"249-coreness":true,"94-coreness":true,"12-coreness":true,"99-coreness":true,"228-coreness":true,"311-coreness":true,"23-coreness":true,"38-coreness":true,"194-coreness":true,"176-coreness":true,"292-coreness":true,"84-coreness":true,"326-coreness":true,"148-coreness":true,"274-coreness":true,"66-coreness":true,"151-coreness":true,"115-coreness":true,"231-coreness":true,"308-coreness":true,"213-coreness":true,"133-coreness":true,"289-coreness":true,"9-coreness":true,"48-coreness":true,"301-coreness":true,"336-coreness":true,"299-coreness":true,"2-coreness":true,"241-coreness":true,"51-coreness":true,"264-coreness":true,"33-coreness":true,"223-coreness":true,"158-coreness":true,"74-coreness":true,"218-coreness":true,"100-coreness":true,"246-coreness":true,"56-coreness":true,"199-coreness":true,"354-coreness":true,"123-coreness":true,"282-coreness":true,"105-coreness":true,"318-coreness":true,"359-coreness":true,"251-coreness":true,"156-coreness":true,"254-coreness":true,"141-coreness":true,"269-coreness":true,"46-coreness":true,"18-coreness":true,"7-coreness":true,"107-coreness":true,"135-coreness":true,"328-coreness":true,"113-coreness":true,"43-coreness":true,"171-coreness":true,"186-coreness":true,"110-coreness":true,"334-coreness":true,"89-coreness":true,"248-coreness":true,"71-coreness":true,"143-coreness":true,"339-coreness":true,"13-coreness":true,"290-coreness":true,"102-coreness":true,"321-coreness":true,"215-coreness":true,"284-coreness":true,"189-coreness":true,"82-coreness":true,"297-coreness":true,"221-coreness":true,"256-coreness":true,"262-coreness":true,"226-coreness":true,"356-coreness":true,"41-coreness":true,"184-coreness":true,"35-coreness":true,"76-coreness":true,"178-coreness":true,"127-coreness":true,"96-coreness":true,"225-coreness":true,"314-coreness":true,"323-coreness":true,"130-coreness":true,"136-coreness":true,"173-coreness":true,"11-coreness":true,"87-coreness":true,"20-coreness":true,"6-coreness":true,"145-coreness":true,"234-coreness":true,"295-coreness":true,"118-coreness":true,"54-coreness":true,"216-coreness":true,"207-coreness":true,"305-coreness":true,"45-coreness":true,"10-coreness":true,"111-coreness":true,"200-coreness":true,"117-coreness":true,"192-coreness":true,"206-coreness":true,"68-coreness":true,"80-coreness":true,"164-coreness":true,"253-coreness":true,"294-coreness":true,"49-coreness":true,"73-coreness":true,"342-coreness":true,"187-coreness":true,"324-coreness":true,"26-coreness":true,"146-coreness":true,"235-coreness":true,"276-coreness":true,"257-coreness":true,"58-coreness":true,"64-coreness":true,"349-coreness":true,"70-coreness":true,"55-coreness":true,"61-coreness":true,"272-coreness":true,"183-coreness":true,"92-coreness":true,"177-coreness":true,"263-coreness":true,"39-coreness":true,"168-coreness":true,"266-coreness":true,"86-coreness":true,"101-coreness":true,"352-coreness":true,"355-coreness":true,"174-coreness":true,"180-coreness":true,"346-coreness":true,"238-coreness":true,"42-coreness":true,"114-coreness":true,"149-coreness":true,"279-coreness":true,"77-coreness":true,"108-coreness":true,"36-coreness":true,"83-coreness":true,"161-coreness":true,"196-coreness":true,"17-coreness":true,"155-coreness":true,"327-coreness":true,"285-coreness":true,"244-coreness":true,"250-coreness":true,"203-coreness":true,"291-coreness":true,"120-coreness":true,"333-coreness":true},"myLegendData":["1-coreness","2-coreness","3-coreness","4-coreness","5-coreness","6-coreness","7-coreness","8-coreness","9-coreness","10-coreness","11-coreness","12-coreness","13-coreness","14-coreness","15-coreness","16-coreness","17-coreness","18-coreness","19-coreness","20-coreness","21-coreness","22-coreness","23-coreness","24-coreness","25-coreness","26-coreness","27-coreness","28-coreness","29-coreness","30-coreness","31-coreness","32-coreness","33-coreness","34-coreness","35-coreness","36-coreness","37-coreness","38-coreness","39-coreness","40-coreness","41-coreness","42-coreness","43-coreness","44-coreness","45-coreness","46-coreness","47-coreness","48-coreness","49-coreness","50-coreness","51-coreness","52-coreness","53-coreness","54-coreness","55-coreness","56-coreness","57-coreness","58-coreness","59-coreness","60-coreness","61-coreness","62-coreness","63-coreness","64-coreness","65-coreness","66-coreness","67-coreness","68-coreness","69-coreness","70-coreness","71-coreness","72-coreness","73-coreness","74-coreness","75-coreness","76-coreness","77-coreness","78-coreness","79-coreness","80-coreness","81-coreness","82-coreness","83-coreness","84-coreness","85-coreness","86-coreness","87-coreness","88-coreness","89-coreness","90-coreness","91-coreness","92-coreness","93-coreness","94-coreness","95-coreness","96-coreness","97-coreness","98-coreness","99-coreness","100-coreness","101-coreness","102-coreness","103-coreness","104-coreness","105-coreness","106-coreness","107-coreness","108-coreness","109-coreness","110-coreness","111-coreness","112-coreness","113-coreness","114-coreness","115-coreness","116-coreness","117-coreness","118-coreness","119-coreness","120-coreness","121-coreness","122-coreness","123-coreness","124-coreness","125-coreness","126-coreness","127-coreness","128-coreness","129-coreness","130-coreness","131-coreness","132-coreness","133-coreness","134-coreness","135-coreness","136-coreness","137-coreness","138-coreness","139-coreness","140-coreness","141-coreness","142-coreness","143-coreness","144-coreness","145-coreness","146-coreness","147-coreness","148-coreness","149-coreness","150-coreness","151-coreness","152-coreness","153-coreness","154-coreness","155-coreness","156-coreness","157-coreness","158-coreness","159-coreness","160-coreness","161-coreness","162-coreness","163-coreness","164-coreness","165-coreness","166-coreness","167-coreness","168-coreness","169-coreness","170-coreness","171-coreness","172-coreness","173-coreness","174-coreness","175-coreness","176-coreness","177-coreness","178-coreness","179-coreness","180-coreness","181-coreness","182-coreness","183-coreness","184-coreness","185-coreness","186-coreness","187-coreness","188-coreness","189-coreness","190-coreness","191-coreness","192-coreness","193-coreness","194-coreness","195-coreness","196-coreness","197-coreness","198-coreness","199-coreness","200-coreness","201-coreness","202-coreness","203-coreness","204-coreness","205-coreness","206-coreness","207-coreness","208-coreness","209-coreness","210-coreness","211-coreness","212-coreness","213-coreness","214-coreness","215-coreness","216-coreness","217-coreness","218-coreness","219-coreness","220-coreness","221-coreness","222-coreness","223-coreness","224-coreness","225-coreness","226-coreness","227-coreness","228-coreness","229-coreness","230-coreness","231-coreness","232-coreness","233-coreness","234-coreness","235-coreness","236-coreness","237-coreness","238-coreness","239-coreness","240-coreness","241-coreness","242-coreness","243-coreness","244-coreness","245-coreness","246-coreness","247-coreness","248-coreness","249-coreness","250-coreness","251-coreness","252-coreness","253-coreness","254-coreness","255-coreness","256-coreness","257-coreness","258-coreness","259-coreness","260-coreness","261-coreness","262-coreness","263-coreness","264-coreness","265-coreness","266-coreness","267-coreness","268-coreness","269-coreness","270-coreness","271-coreness","272-coreness","273-coreness","274-coreness","275-coreness","276-coreness","277-coreness","278-coreness","279-coreness","280-coreness","281-coreness","282-coreness","283-coreness","284-coreness","285-coreness","286-coreness","287-coreness","288-coreness","289-coreness","290-coreness","291-coreness","292-coreness","293-coreness","294-coreness","295-coreness","296-coreness","297-coreness","298-coreness","299-coreness","300-coreness","301-coreness","302-coreness","303-coreness","304-coreness","305-coreness","306-coreness","307-coreness","308-coreness","309-coreness","310-coreness","311-coreness","312-coreness","313-coreness","314-coreness","315-coreness","316-coreness","317-coreness","318-coreness","319-coreness","320-coreness","321-coreness","322-coreness","323-coreness","324-coreness","325-coreness","326-coreness","327-coreness","328-coreness","329-coreness","330-coreness","331-coreness","332-coreness","333-coreness","334-coreness","335-coreness","336-coreness","337-coreness","338-coreness","339-coreness","340-coreness","341-coreness","342-coreness","343-coreness","344-coreness","345-coreness","346-coreness","347-coreness","348-coreness","349-coreness","350-coreness","351-coreness","352-coreness","353-coreness","354-coreness","355-coreness","356-coreness","357-coreness","358-coreness","359-coreness","360-coreness"]}}