{"myTime":"2019-03-27 15:06:32","myData":{"mySeriesData":[{"name":"1-coreness","value":1766},{"name":"2-coreness","value":894},{"name":"3-coreness","value":590},{"name":"4-coreness","value":510},{"name":"5-coreness","value":933},{"name":"6-coreness","value":1170},{"name":"7-coreness","value":40},{"name":"8-coreness","value":26},{"name":"9-coreness","value":104},{"name":"10-coreness","value":268}],"mySelectedData":{"8-coreness":true,"5-coreness":true,"10-coreness":true,"2-coreness":true,"6-coreness":true,"4-coreness":true,"1-coreness":true,"3-coreness":true,"7-coreness":true,"9-coreness":true},"myLegendData":["1-coreness","2-coreness","3-coreness","4-coreness","5-coreness","6-coreness","7-coreness","8-coreness","9-coreness","10-coreness"]}}